﻿<?xml version="1.0"?>
<doc>
<assembly>
<name>
crmFoundation
</name>
</assembly>
<members>
<member name="M:crmFoundation.DataImporter.Load(System.String,System.Int32)">
 -----------------------------------------------------------------------------
 Project	 : clsRMBusObjects
 Class	 : DataImporter
 
 -----------------------------------------------------------------------------
 <summary>
     Load the definition a a data import
 </summary>
 <history>
 	[Jamie]	06/06/2006	Created
 </history>
 -----------------------------------------------------------------------------
</member>
</members>
</doc>
